{
  "items": [
    {
      "type": "file",
      "ctime": 1743425407284,
      "path": "Важное/Dday/Инфа/Term 11.1/Term 11.1.md"
    },
    {
      "type": "group",
      "ctime": 1744785664137,
      "items": [
        {
          "type": "group",
          "ctime": 1744785687616,
          "items": [],
          "title": "Term 12.3"
        }
      ],
      "title": "Инфа"
    },
    {
      "type": "group",
      "ctime": 1744785885672,
      "items": [
        {
          "type": "file",
          "ctime": 1744785878904,
          "path": "Инфа/Term 11.1/C - System Lifecycles/C - System Lifecycles.md"
        },
        {
          "type": "file",
          "ctime": 1744785878904,
          "path": "Инфа/Term 11.1/A - Computer systems/A - Computer systems.md"
        },
        {
          "type": "file",
          "ctime": 1744785878904,
          "path": "Инфа/Term 11.1/B - Programming Paradigms 1/B - Programming Paradigms 1.md"
        }
      ],
      "title": "Term 11.1"
    },
    {
      "type": "group",
      "ctime": 1744785892668,
      "items": [
        {
          "type": "file",
          "ctime": 1744785890351,
          "path": "Инфа/Term 11.2/B - New System Implementation/B - New System Implementation.md"
        },
        {
          "type": "file",
          "ctime": 1744785890351,
          "path": "Инфа/Term 11.2/A - Information Systems/A - Information Systems.md"
        }
      ],
      "title": "Term 12.2"
    },
    {
      "type": "group",
      "ctime": 1744785903550,
      "items": [
        {
          "type": "file",
          "ctime": 1744785899757,
          "path": "Инфа/Term 11.3/C - Mobile applications development.md"
        },
        {
          "type": "file",
          "ctime": 1744785899757,
          "path": "Инфа/Term 11.3/A - Algorithms and data structure.md"
        },
        {
          "type": "file",
          "ctime": 1744785899757,
          "path": "Инфа/Term 11.3/B - Web programming.md"
        }
      ],
      "title": "Term 11.3"
    },
    {
      "type": "group",
      "ctime": 1744785914629,
      "items": [
        {
          "type": "file",
          "ctime": 1744785911256,
          "path": "Инфа/Term 11.4/C - Communication and Security/C - Communication and Security 1.md"
        },
        {
          "type": "file",
          "ctime": 1744785911256,
          "path": "Инфа/Term 11.4/A - Project Development/A - Project Development 1.md"
        },
        {
          "type": "file",
          "ctime": 1744785911256,
          "path": "Инфа/Term 11.4/B - Information Security/B - Information Security 1.md"
        }
      ],
      "title": "Term 11.4"
    },
    {
      "type": "group",
      "ctime": 1744785924094,
      "items": [
        {
          "type": "file",
          "ctime": 1744785920248,
          "path": "Инфа/Term 12.1/B - Programming Paradigms 2/B - Programming Paradigms 2.md"
        },
        {
          "type": "file",
          "ctime": 1744785920248,
          "path": "Инфа/Term 12.1/A - Artificial Intelligence/A - Artificial Intelligence.md"
        }
      ],
      "title": "Term 12.1"
    }
  ]
}