{
  "editor:set-heading-1": [
    {
      "modifiers": [
        "Mod",
        "Shift"
      ],
      "key": "1"
    }
  ],
  "editor:set-heading-2": [
    {
      "modifiers": [
        "Mod",
        "Shift"
      ],
      "key": "2"
    }
  ],
  "editor:set-heading-3": [
    {
      "modifiers": [
        "Mod",
        "Shift"
      ],
      "key": "3"
    }
  ],
  "editor:set-heading-4": [
    {
      "modifiers": [
        "Mod",
        "Shift"
      ],
      "key": "4"
    }
  ],
  "editor:set-heading-5": [
    {
      "modifiers": [
        "Mod",
        "Shift"
      ],
      "key": "5"
    }
  ],
  "editor:set-heading-6": [
    {
      "modifiers": [
        "Mod",
        "Shift"
      ],
      "key": "6"
    }
  ],
  "remotely-save:start-sync": [
    {
      "modifiers": [
        "Alt",
        "Mod",
        "Shift"
      ],
      "key": "S"
    }
  ]
}