{
  "main": {
    "id": "4fcd105b4a872d86",
    "type": "split",
    "children": [
      {
        "id": "0b8434fb4589def5",
        "type": "tabs",
        "children": [
          {
            "id": "7ad4b676400740ad",
            "type": "leaf",
            "state": {
              "type": "markdown",
              "state": {
                "file": "Инфа/Term 11.1/A - Computer systems/A - Computer systems.md",
                "mode": "source",
                "source": false,
                "backlinks": false
              },
              "icon": "lucide-file",
              "title": "A - Computer systems"
            }
          }
        ]
      }
    ],
    "direction": "vertical"
  },
  "left": {
    "id": "40ff71eaa42c8c74",
    "type": "split",
    "children": [
      {
        "id": "aa55a274323ae191",
        "type": "tabs",
        "children": [
          {
            "id": "1276096a2567de5a",
            "type": "leaf",
            "state": {
              "type": "file-explorer",
              "state": {
                "sortOrder": "alphabetical",
                "autoReveal": false
              },
              "icon": "lucide-folder-closed",
              "title": "Files"
            }
          },
          {
            "id": "546cd1007fa78b76",
            "type": "leaf",
            "state": {
              "type": "search",
              "state": {
                "query": "User Interfaces",
                "matchingCase": false,
                "explainSearch": false,
                "collapseAll": false,
                "extraContext": false,
                "sortOrder": "alphabetical"
              },
              "icon": "lucide-search",
              "title": "Search"
            }
          },
          {
            "id": "c2e0df1cf5b70d80",
            "type": "leaf",
            "state": {
              "type": "bookmarks",
              "state": {},
              "icon": "lucide-bookmark",
              "title": "Bookmarks"
            }
          }
        ]
      }
    ],
    "direction": "horizontal",
    "width": 343.50000381469727
  },
  "right": {
    "id": "4bb42e5bfacbd240",
    "type": "split",
    "children": [
      {
        "id": "677a25f4cacbbb21",
        "type": "tabs",
        "children": [
          {
            "id": "0d1b947297c82b76",
            "type": "leaf",
            "state": {
              "type": "backlink",
              "state": {
                "file": "Важное/Dday/Инфа/Term 11.1/A - Computer systems/A - Computer systems.md",
                "collapseAll": false,
                "extraContext": false,
                "sortOrder": "alphabetical",
                "showSearch": false,
                "searchQuery": "",
                "backlinkCollapsed": false,
                "unlinkedCollapsed": true
              },
              "icon": "links-coming-in",
              "title": "Backlinks for A - Computer systems"
            }
          },
          {
            "id": "c8373c4216957b39",
            "type": "leaf",
            "state": {
              "type": "outgoing-link",
              "state": {
                "file": "Важное/Dday/Инфа/Term 11.1/A - Computer systems/A - Computer systems.md",
                "linksCollapsed": false,
                "unlinkedCollapsed": true
              },
              "icon": "links-going-out",
              "title": "Outgoing links from A - Computer systems"
            }
          },
          {
            "id": "977f6905c9a9b645",
            "type": "leaf",
            "state": {
              "type": "tag",
              "state": {
                "sortOrder": "frequency",
                "useHierarchy": true,
                "showSearch": true,
                "searchQuery": "computer"
              },
              "icon": "lucide-tags",
              "title": "Tags"
            }
          },
          {
            "id": "3c1fd90bf435fcb5",
            "type": "leaf",
            "state": {
              "type": "outline",
              "state": {
                "file": "Важное/Dday/Инфа/Term 11.1/A - Computer systems/A - Computer systems.md",
                "followCursor": false,
                "showSearch": false,
                "searchQuery": ""
              },
              "icon": "lucide-list",
              "title": "Outline of A - Computer systems"
            }
          }
        ],
        "currentTab": 2
      }
    ],
    "direction": "horizontal",
    "width": 300,
    "collapsed": true
  },
  "left-ribbon": {
    "hiddenItems": {
      "switcher:Open quick switcher": false,
      "graph:Open graph view": false,
      "canvas:Create new canvas": false,
      "daily-notes:Open today's daily note": false,
      "templates:Insert template": false,
      "command-palette:Open command palette": false,
      "markdown-importer:Open format converter": false,
      "remotely-save:Remotely Save": false
    }
  },
  "active": "7ad4b676400740ad",
  "lastOpenFiles": [
    "Инфа/Term 11.1/C - System Lifecycles/Dataflow Diagrams.md",
    "Инфа/Term 11.2/B - New System Implementation/B - New System Implementation.md",
    "Инфа/Term 12.2/Term 12.2.md",
    "Инфа/Term 12.1/Term 12.1.md",
    "Инфа/Term 11.1/Term 11.1.md",
    "Инфа/Term 11.2/Term 11.2.md",
    "Инфа/Term 11.2/B - New System Implementation.md",
    "Инфа/Term 11.2/A - Information Systems.md",
    "Инфа/Term 11.2/A - Information Systems/A - Information Systems.md",
    "Инфа/Инфа.md",
    "CS only.zip",
    "Инфа/Term 11.3/A - Algorithms and data structure.md",
    "Инфа.md",
    "Инфа/Term 12.1/A - Artificial Intelligence.md",
    "Инфа/Term 12.1/B - Programming Paradigms 2.md",
    "Инфа/Term 12.2/A - Information Security 2/A - Information Security 2.md",
    "Инфа/Term 12.2/C - System Implementation.md",
    "Инфа/Term 12.2/B - Creating a Documentation.md",
    "Инфа/Term 12.2/A - Information Security 2.md",
    "Инфа/Term 11.1.md",
    "Инфа/Term 12.3.md",
    "Инфа/Term 11.4.md",
    "Инфа/Term 11.2.md",
    "Инфа/Term 11.3.md",
    "Инфа/Term 12.1.md",
    "Инфа/Term 12.2.md",
    "Инфа/Term 12.3/B - Computer systems 3.md",
    "Инфа/Terms coordination",
    "Важное/Dday/Инфа/Term 12.3/A - Computer systems 2",
    "Важное/Dday/Инфа/Term 12.3",
    "Важное/Dday/Инфа",
    "Важное/Dday",
    "Важное",
    "Инфа/Term 12.3/C - Communication and Networks",
    "Инфа/Term 12.3/B - Computer systems 3",
    "Инфа/Term 12.3/A - Computer systems 2",
    "Инфа/Term 11.1/A - Computer systems/Von Neumann CPU Architecture.canvas",
    "Инфа/Term 11.1/A - Computer systems/Software types.canvas",
    "Инфа/Term 11.1/A - Computer systems/Von Neumann CPU Architecture.canvas",
    "Инфа/Term 11.1/A - Computer systems/Software types.canvas",
    "cache/220px-BusNetwork.svg.webp",
    "cache 1/Без имени.png",
    "cache 1/Без имени-1.png",
    "cache 1/Untitled-Diagram-146.png",
    "cache 1/star.jpg",
    "cache 1/Pasted image 20250404202456.png",
    "cache 1/Pasted image 20250404192059.png",
    "cache 1/Pasted image 20250404151919.png",
    "cache 1/Pasted image 20250404150659.png",
    "cache 1/Pasted image 20250404150515.png",
    "Инфа.canvas",
    "Важное/Dday/Инфа/Term 11.1/A - Computer systems/Von Neumann CPU Architecture.canvas",
    "Хрень/Разное/Untitled.canvas",
    "Важное/Dday/Инфа/Term 11.1/A - Computer systems/Software types.canvas",
    "Boolean Logic Gates.canvas",
    "Untitled 1.canvas"
  ]
}