{
  "main": {
    "id": "f45840b7405a987f",
    "type": "split",
    "children": [
      {
        "id": "4abd5d98d75658a5",
        "type": "tabs",
        "children": [
          {
            "id": "c084af25b59523df",
            "type": "leaf",
            "state": {
              "type": "markdown",
              "state": {
                "file": "Term 11.3.md",
                "mode": "source",
                "source": false
              },
              "icon": "lucide-file",
              "title": "Term 11.3"
            }
          }
        ]
      }
    ],
    "direction": "vertical"
  },
  "left": {
    "id": "2b905ca8dbd10ad4",
    "type": "split",
    "children": [
      {
        "id": "2dee13b4eaf32d84",
        "type": "tabs",
        "children": [
          {
            "id": "6a83814e3443d57b",
            "type": "leaf",
            "state": {
              "type": "file-explorer",
              "state": {
                "sortOrder": "alphabetical",
                "autoReveal": false
              },
              "icon": "lucide-folder-closed",
              "title": "Files"
            }
          },
          {
            "id": "886a47157583fa63",
            "type": "leaf",
            "state": {
              "type": "search",
              "state": {
                "query": "",
                "matchingCase": false,
                "explainSearch": false,
                "collapseAll": false,
                "extraContext": false,
                "sortOrder": "alphabetical"
              },
              "icon": "lucide-search",
              "title": "Search"
            }
          },
          {
            "id": "88eac893988e224a",
            "type": "leaf",
            "state": {
              "type": "bookmarks",
              "state": {},
              "icon": "lucide-bookmark",
              "title": "Bookmarks"
            }
          }
        ]
      }
    ],
    "direction": "horizontal",
    "width": 300
  },
  "right": {
    "id": "4bd92a36e4e327c3",
    "type": "split",
    "children": [
      {
        "id": "322dc945d6fca637",
        "type": "tabs",
        "children": [
          {
            "id": "0cd51df5930aef1a",
            "type": "leaf",
            "state": {
              "type": "backlink",
              "state": {
                "file": "Term 11.3.md",
                "collapseAll": false,
                "extraContext": false,
                "sortOrder": "alphabetical",
                "showSearch": false,
                "searchQuery": "",
                "backlinkCollapsed": false,
                "unlinkedCollapsed": true
              },
              "icon": "links-coming-in",
              "title": "Backlinks for Term 11.3"
            }
          },
          {
            "id": "652af8603cf91eaf",
            "type": "leaf",
            "state": {
              "type": "outgoing-link",
              "state": {
                "file": "Term 11.3.md",
                "linksCollapsed": false,
                "unlinkedCollapsed": true
              },
              "icon": "links-going-out",
              "title": "Outgoing links from Term 11.3"
            }
          },
          {
            "id": "2c46b1d3d4ec2a9c",
            "type": "leaf",
            "state": {
              "type": "tag",
              "state": {
                "sortOrder": "frequency",
                "useHierarchy": true,
                "showSearch": false,
                "searchQuery": ""
              },
              "icon": "lucide-tags",
              "title": "Tags"
            }
          },
          {
            "id": "e5151a7038fb86fe",
            "type": "leaf",
            "state": {
              "type": "outline",
              "state": {
                "file": "Term 11.3.md",
                "followCursor": false,
                "showSearch": false,
                "searchQuery": ""
              },
              "icon": "lucide-list",
              "title": "Outline of Term 11.3"
            }
          }
        ]
      }
    ],
    "direction": "horizontal",
    "width": 300,
    "collapsed": true
  },
  "left-ribbon": {
    "hiddenItems": {
      "switcher:Open quick switcher": false,
      "graph:Open graph view": false,
      "canvas:Create new canvas": false,
      "daily-notes:Open today's daily note": false,
      "templates:Insert template": false,
      "command-palette:Open command palette": false
    }
  },
  "active": "6a83814e3443d57b",
  "lastOpenFiles": [
    "Term 12.1.md"
  ]
}